Abu Dhabi,United Arab Emirates
Ajman,United Arab Emirates
Dubay,United Arab Emirates
Fujayrah,United Arab Emirates
Neutral Zone,United Arab Emirates
Ras Al Khaymah,United Arab Emirates
Sharjah,United Arab Emirates
Umm Al Qaywayn,United Arab Emirates
Alabama,United States
Alaska,United States
Arizona,United States
Arkansas,United States
California,United States
Colorado,United States
Connecticut,United States
Delaware,United States
District of Columbia,United States
Florida,United States
Georgia,United States
Hawaii,United States
Idaho,United States
Illinois,United States
Indiana,United States
Iowa,United States
Kansas,United States
Kentucky,United States
Louisiana,United States
Maine,United States
Maryland,United States
Massachusetts,United States
Michigan,United States
Minnesota,United States
Mississippi,United States
Missouri,United States
Montana,United States
Nebraska,United States
Nevada,United States
New Hampshire,United States
New Jersey,United States
New Mexico,United States
New York,United States
North Carolina,United States
North Dakota,United States
Ohio,United States
Oklahoma,United States
Oregon,United States
Pennsylvania,United States
Rhode Island,United States
South Carolina,United States
South Dakota,United States
Tennessee,United States
Texas,United States
Utah,United States
Vermont,United States
Virginia,United States
Washington,United States
West Virginia,United States
Wisconsin,United States
Wyoming,United States
Alberta,Canada
British Columbia,Canada
Manitoba,Canada
New Brunswick,Canada
Newfoundland and Labrador,Canada
Northwest Territories,Canada
Nova Scotia,Canada
Nunavut,Canada
Ontario,Canada
Prince Edward Island,Canada
Quebec,Canada
Saskatchewan,Canada
Yukon,Canada
Andaman and Nicobar,India
Andhra Pradesh,India
Arunachal Pradesh,India
Assam,India
Bihar,India
Chandigarh,India
Chhattisgarh,India
Dadra and Nagar Haveli,India
Daman and Diu,India
Goa,India
Gujarat,India
Haryana,India
Himachal Pradesh,India
Jammu and Kashmir,India
Jharkhand,India
Karnataka,India
Kerala,India
Lakshadweep,India
Madhya Pradesh,India
Maharashtra,India
Manipur,India
Meghalaya,India
Mizoram,India
Nagaland,India
NCT of Delhi,India
Odisha,India
Puducherry,India
Punjab,India
Rajasthan,India
Sikkim,India
Tamil Nadu,India
Telangana,India
Tripura,India
Uttar Pradesh,India
Uttarakhand,India
West Bengal,India
England,United Kingdom
Northern Ireland,United Kingdom
Scotland,United Kingdom
Wales,United Kingdom
Alsace,France
Aquitaine,France
Auvergne,France
Ile-de-France,France
Basse-Normandie,France
Bourgogne,France
Bretagne,France
Centre,France
Champagne-Ardenne,France
Corse,France
Franche-Comte,France
Haute-Normandie,France
Languedoc-Roussillon,France
Limousin,France
Lorraine,France
Midi-Pyrenees,France
Nord-Pas-de-Calais,France
Pays de la Loire,France
Picardie,France
Poitou-Charentes,France
Provence-Alpes-Cote d'Azur,France
Rhone-Alpes,France
Baden-Wurttemberg,Germany
Bayern,Germany
Berlin,Germany
Brandenburg,Germany
Bremen,Germany
Hamburg,Germany
Hessen,Germany
Mecklenburg-Vorpommern,Germany
Niedersachsen,Germany
Nordrhein-Westfalen,Germany
Rheinland-Pfalz,Germany
Saarland,Germany
Sachsen-Anhalt,Germany
Sachsen,Germany
Schleswig-Holstein,Germany
Thuringen,Germany
Abruzzo,Italy
Apulia,Italy
Basilicata,Italy
Calabria,Italy
Campania,Italy
Emilia-Romagna,Italy
Friuli-Venezia Giulia,Italy
Lazio,Italy
Liguria,Italy
Lombardia,Italy
Marche,Italy
Molise,Italy
Piemonte,Italy
Sardegna,Italy
Sicily,Italy
Toscana,Italy
Trentino-Alto Adige,Italy
Umbria,Italy
Valle d'Aosta,Italy
Veneto,Italy
Adygey,Russia
Altay,Russia
Amur,Russia
Arkhangel'sk,Russia
Astrakhan',Russia
Bashkortostan,Russia
Belgorod,Russia
Bryansk,Russia
Buryat,Russia
Chechnya,Russia
Chelyabinsk,Russia
Chukot,Russia
Chuvash,Russia
City of St. Petersburg,Russia
Dagestan,Russia
Gorno-Altay,Russia
Ingush,Russia
Irkutsk,Russia
Ivanovo,Russia
Kabardin-Balkar,Russia
Kaliningrad,Russia
Kalmyk,Russia
Kaluga,Russia
Kamchatka,Russia
Karachay-Cherkess,Russia
Karelia,Russia
Kemerovo,Russia
Khabarovsk,Russia
Khakass,Russia
Khanty-Mansiy,Russia
Kirov,Russia
Komi,Russia
Kostroma,Russia
Krasnodar,Russia
Krasnoyarsk,Russia
Kurgan,Russia
Kursk,Russia
Leningrad,Russia
Lipetsk,Russia
Maga Buryatdan,Russia
Mariy-El,Russia
Mordovia,Russia
Moscow City,Russia
Moskva,Russia
Murmansk,Russia
Nenets,Russia
Nizhegorod,Russia
North Ossetia,Russia
Novgorod,Russia
Novosibirsk,Russia
Omsk,Russia
Orel,Russia
Orenburg,Russia
Penza,Russia
Perm',Russia
Primor'ye,Russia
Pskov,Russia
Rostov,Russia
Ryazan',Russia
Sakhalin,Russia
Sakha,Russia
Samara,Russia
Saratov,Russia
Smolensk,Russia
Stavropol',Russia
Sverdlovsk,Russia
Tambov,Russia
Tatarstan,Russia
Tomsk,Russia
Tula,Russia
Tuva,Russia
Tver',Russia
Tyumen',Russia
Udmurt,Russia
Ul'yanovsk,Russia
Vladimir,Russia
Volgograd,Russia
Vologda,Russia
Voronezh,Russia
Yamal-Nenets,Russia
Yaroslavl',Russia
Yevrey,Russia
Zabaykal'ye,Russia
Eastern Cape,South Africa
Free State,South Africa
Gauteng,South Africa
KwaZulu-Natal,South Africa
Limpopo,South Africa
Mpumalanga,South Africa
North West,South Africa
Northern Cape,South Africa
Western Cape,South Africa
Anhui,China
Beijing,China
Chongqing,China
Fujian,China
Gansu,China
Guangdong,China
Guangxi,China
Guizhou,China
Hainan,China
Hebei,China
Heilongjiang,China
Henan,China
Hubei,China
Hunan,China
Jiangsu,China
Jiangxi,China
Jilin,China
Liaoning,China
Nei Mongol,China
Ningxia Hui,China
Qinghai,China
Shaanxi,China
Shandong,China
Shanghai,China
Shanxi,China
Sichuan,China
Tianjin,China
Xinjiang Uygur,China
Xizang,China
Yunnan,China
Zhejiang,China
Ashmore and Cartier Islands,Australia
Australian Capital Territory,Australia
Coral Sea Islands,Australia
Jervis Bay Territory,Australia
New South Wales,Australia
Northern Territory,Australia
Queensland,Australia
South Australia,Australia
Tasmania,Australia
Victoria,Australia
Western Australia,Australia
